{
  "Signup" : {
    "transaction" : "Signup",
    "sampleCount" : 185,
    "errorCount" : 0,
    "errorPct" : 0.0,
    "meanResTime" : 1017.7297297297297,
    "medianResTime" : 983.0,
    "minResTime" : 175.0,
    "maxResTime" : 1979.0,
    "pct1ResTime" : 1381.8,
    "pct2ResTime" : 1495.8,
    "pct3ResTime" : 1758.8399999999965,
    "throughput" : 6.069354679964568,
    "receivedKBytesPerSec" : 5.208931383484794,
    "sentKBytesPerSec" : 1.7094729606148091
  },
  "Total" : {
    "transaction" : "Total",
    "sampleCount" : 539,
    "errorCount" : 0,
    "errorPct" : 0.0,
    "meanResTime" : 547.9721706864565,
    "medianResTime" : 576.0,
    "minResTime" : 0.0,
    "maxResTime" : 1979.0,
    "pct1ResTime" : 1205.0,
    "pct2ResTime" : 1361.0,
    "pct3ResTime" : 1635.2000000000007,
    "throughput" : 17.683146878383255,
    "receivedKBytesPerSec" : 14.169943981496669,
    "sentKBytesPerSec" : 3.044320898674584
  },
  "Login" : {
    "transaction" : "Login",
    "sampleCount" : 177,
    "errorCount" : 0,
    "errorPct" : 0.0,
    "meanResTime" : 604.8926553672316,
    "medianResTime" : 600.0,
    "minResTime" : 141.0,
    "maxResTime" : 1311.0,
    "pct1ResTime" : 872.6,
    "pct2ResTime" : 1043.4,
    "pct3ResTime" : 1204.9199999999998,
    "throughput" : 5.872984272347202,
    "receivedKBytesPerSec" : 7.097429947242683,
    "sentKBytesPerSec" : 1.3500398168425243
  },
  "Login-0" : {
    "transaction" : "Login-0",
    "sampleCount" : 177,
    "errorCount" : 0,
    "errorPct" : 0.0,
    "meanResTime" : 0.06214689265536723,
    "medianResTime" : 0.0,
    "minResTime" : 0.0,
    "maxResTime" : 2.0,
    "pct1ResTime" : 0.0,
    "pct2ResTime" : 1.0,
    "pct3ResTime" : 1.2199999999999989,
    "throughput" : 5.900196673222441,
    "receivedKBytesPerSec" : 1.9746751975065837,
    "sentKBytesPerSec" : 0.0
  }
}