{
  "Signup-failed" : {
    "transaction" : "Signup-failed",
    "sampleCount" : 128,
    "errorCount" : 128,
    "errorPct" : 100.0,
    "meanResTime" : 327.890625,
    "medianResTime" : 318.0,
    "minResTime" : 43.0,
    "maxResTime" : 1018.0,
    "pct1ResTime" : 492.50000000000006,
    "pct2ResTime" : 543.0,
    "pct3ResTime" : 927.229999999998,
    "throughput" : 4.32710185592103,
    "receivedKBytesPerSec" : 1.3691220716000136,
    "sentKBytesPerSec" : 1.2443322994489707
  },
  "Signup" : {
    "transaction" : "Signup",
    "sampleCount" : 133,
    "errorCount" : 0,
    "errorPct" : 0.0,
    "meanResTime" : 762.330827067669,
    "medianResTime" : 742.0,
    "minResTime" : 283.0,
    "maxResTime" : 1769.0,
    "pct1ResTime" : 919.2,
    "pct2ResTime" : 1171.7999999999997,
    "pct3ResTime" : 1734.6599999999996,
    "throughput" : 4.388425116309763,
    "receivedKBytesPerSec" : 3.7643428085920747,
    "sentKBytesPerSec" : 1.2436212653017455
  },
  "Login-failed-0" : {
    "transaction" : "Login-failed-0",
    "sampleCount" : 124,
    "errorCount" : 0,
    "errorPct" : 0.0,
    "meanResTime" : 0.12903225806451624,
    "medianResTime" : 0.0,
    "minResTime" : 0.0,
    "maxResTime" : 1.0,
    "pct1ResTime" : 1.0,
    "pct2ResTime" : 1.0,
    "pct3ResTime" : 1.0,
    "throughput" : 4.228762404938103,
    "receivedKBytesPerSec" : 1.4169697741533949,
    "sentKBytesPerSec" : 0.0
  },
  "Login-failed" : {
    "transaction" : "Login-failed",
    "sampleCount" : 124,
    "errorCount" : 124,
    "errorPct" : 100.0,
    "meanResTime" : 473.3709677419355,
    "medianResTime" : 437.5,
    "minResTime" : 231.0,
    "maxResTime" : 1310.0,
    "pct1ResTime" : 587.5,
    "pct2ResTime" : 883.75,
    "pct3ResTime" : 1262.5,
    "throughput" : 4.187774400540357,
    "receivedKBytesPerSec" : 2.6301225831644715,
    "sentKBytesPerSec" : 0.977947695035461
  },
  "Total" : {
    "transaction" : "Total",
    "sampleCount" : 885,
    "errorCount" : 376,
    "errorPct" : 42.485874,
    "meanResTime" : 330.7355932203385,
    "medianResTime" : 341.0,
    "minResTime" : 0.0,
    "maxResTime" : 1769.0,
    "pct1ResTime" : 745.0,
    "pct2ResTime" : 842.3999999999999,
    "pct3ResTime" : 1122.7999999999997,
    "throughput" : 29.20117464612136,
    "receivedKBytesPerSec" : 16.64754378113967,
    "sentKBytesPerSec" : 5.131568975401723
  },
  "Login" : {
    "transaction" : "Login",
    "sampleCount" : 126,
    "errorCount" : 0,
    "errorPct" : 0.0,
    "meanResTime" : 539.5317460317459,
    "medianResTime" : 513.0,
    "minResTime" : 195.0,
    "maxResTime" : 904.0,
    "pct1ResTime" : 783.5,
    "pct2ResTime" : 814.5999999999998,
    "pct3ResTime" : 899.95,
    "throughput" : 4.254744377659215,
    "receivedKBytesPerSec" : 5.142798275308976,
    "sentKBytesPerSec" : 0.9853342169244276
  },
  "Login-0" : {
    "transaction" : "Login-0",
    "sampleCount" : 126,
    "errorCount" : 0,
    "errorPct" : 0.0,
    "meanResTime" : 0.126984126984127,
    "medianResTime" : 0.0,
    "minResTime" : 0.0,
    "maxResTime" : 3.0,
    "pct1ResTime" : 1.0,
    "pct2ResTime" : 1.0,
    "pct3ResTime" : 2.460000000000008,
    "throughput" : 4.282509686629053,
    "receivedKBytesPerSec" : 1.4363321876486983,
    "sentKBytesPerSec" : 0.0
  },
  "GetUsers" : {
    "transaction" : "GetUsers",
    "sampleCount" : 124,
    "errorCount" : 124,
    "errorPct" : 100.0,
    "meanResTime" : 182.49999999999997,
    "medianResTime" : 140.5,
    "minResTime" : 4.0,
    "maxResTime" : 880.0,
    "pct1ResTime" : 418.5,
    "pct2ResTime" : 471.75,
    "pct3ResTime" : 793.0,
    "throughput" : 4.2491947090672335,
    "receivedKBytesPerSec" : 1.2324324497978207,
    "sentKBytesPerSec" : 0.7842751953258859
  }
}