{
  "Signup" : {
    "transaction" : "Signup",
    "sampleCount" : 184,
    "errorCount" : 0,
    "errorPct" : 0.0,
    "meanResTime" : 1015.4782608695656,
    "medianResTime" : 965.0,
    "minResTime" : 203.0,
    "maxResTime" : 2070.0,
    "pct1ResTime" : 1249.0,
    "pct2ResTime" : 1399.75,
    "pct3ResTime" : 2064.05,
    "throughput" : 6.030216628977813,
    "receivedKBytesPerSec" : 5.175304378461639,
    "sentKBytesPerSec" : 1.7102085586471338
  },
  "Total" : {
    "transaction" : "Total",
    "sampleCount" : 542,
    "errorCount" : 0,
    "errorPct" : 0.0,
    "meanResTime" : 546.2453874538743,
    "medianResTime" : 594.0,
    "minResTime" : 0.0,
    "maxResTime" : 2070.0,
    "pct1ResTime" : 1131.3,
    "pct2ResTime" : 1225.1000000000001,
    "pct3ResTime" : 1683.090000000002,
    "throughput" : 17.711839482369857,
    "receivedKBytesPerSec" : 14.187457619849026,
    "sentKBytesPerSec" : 3.061391478219666
  },
  "Login" : {
    "transaction" : "Login",
    "sampleCount" : 179,
    "errorCount" : 0,
    "errorPct" : 0.0,
    "meanResTime" : 610.072625698324,
    "medianResTime" : 601.0,
    "minResTime" : 107.0,
    "maxResTime" : 1072.0,
    "pct1ResTime" : 902.0,
    "pct2ResTime" : 1005.0,
    "pct3ResTime" : 1066.3999999999999,
    "throughput" : 5.914031783790927,
    "receivedKBytesPerSec" : 7.147229501189415,
    "sentKBytesPerSec" : 1.3710657440446692
  },
  "Login-0" : {
    "transaction" : "Login-0",
    "sampleCount" : 179,
    "errorCount" : 0,
    "errorPct" : 0.0,
    "meanResTime" : 0.07821229050279332,
    "medianResTime" : 0.0,
    "minResTime" : 0.0,
    "maxResTime" : 2.0,
    "pct1ResTime" : 0.0,
    "pct2ResTime" : 1.0,
    "pct3ResTime" : 1.1999999999999886,
    "throughput" : 5.9533708052017165,
    "receivedKBytesPerSec" : 1.9925876480027938,
    "sentKBytesPerSec" : 0.0
  }
}