{
  "Signup-failed" : {
    "transaction" : "Signup-failed",
    "sampleCount" : 135,
    "errorCount" : 135,
    "errorPct" : 100.0,
    "meanResTime" : 318.25925925925924,
    "medianResTime" : 327.0,
    "minResTime" : 36.0,
    "maxResTime" : 735.0,
    "pct1ResTime" : 481.8,
    "pct2ResTime" : 497.19999999999993,
    "pct3ResTime" : 708.359999999999,
    "throughput" : 4.5531197301854975,
    "receivedKBytesPerSec" : 1.4406355396290051,
    "sentKBytesPerSec" : 1.3099112036256324
  },
  "Signup" : {
    "transaction" : "Signup",
    "sampleCount" : 140,
    "errorCount" : 0,
    "errorPct" : 0.0,
    "meanResTime" : 729.2428571428572,
    "medianResTime" : 734.0,
    "minResTime" : 198.0,
    "maxResTime" : 1557.0,
    "pct1ResTime" : 874.7,
    "pct2ResTime" : 972.0999999999998,
    "pct3ResTime" : 1554.95,
    "throughput" : 4.62809917355372,
    "receivedKBytesPerSec" : 3.9702995867768593,
    "sentKBytesPerSec" : 1.3117252066115703
  },
  "Login-failed-0" : {
    "transaction" : "Login-failed-0",
    "sampleCount" : 132,
    "errorCount" : 0,
    "errorPct" : 0.0,
    "meanResTime" : 0.030303030303030328,
    "medianResTime" : 0.0,
    "minResTime" : 0.0,
    "maxResTime" : 1.0,
    "pct1ResTime" : 0.0,
    "pct2ResTime" : 0.0,
    "pct3ResTime" : 1.0,
    "throughput" : 4.523956405511002,
    "receivedKBytesPerSec" : 1.5176580493008431,
    "sentKBytesPerSec" : 0.0
  },
  "Login-failed" : {
    "transaction" : "Login-failed",
    "sampleCount" : 132,
    "errorCount" : 132,
    "errorPct" : 100.0,
    "meanResTime" : 438.9621212121213,
    "medianResTime" : 448.0,
    "minResTime" : 98.0,
    "maxResTime" : 1204.0,
    "pct1ResTime" : 534.4,
    "pct2ResTime" : 560.35,
    "pct3ResTime" : 1103.6799999999962,
    "throughput" : 4.4562978967624325,
    "receivedKBytesPerSec" : 2.8005165781877723,
    "sentKBytesPerSec" : 1.0408842122143074
  },
  "Total" : {
    "transaction" : "Total",
    "sampleCount" : 1071,
    "errorCount" : 400,
    "errorPct" : 37.348274,
    "meanResTime" : 273.14192343604094,
    "medianResTime" : 234.0,
    "minResTime" : 0.0,
    "maxResTime" : 1557.0,
    "pct1ResTime" : 676.8000000000001,
    "pct2ResTime" : 765.0,
    "pct3ResTime" : 953.28,
    "throughput" : 35.40495867768595,
    "receivedKBytesPerSec" : 20.593653150826448,
    "sentKBytesPerSec" : 5.406153150826446
  },
  "Login" : {
    "transaction" : "Login",
    "sampleCount" : 133,
    "errorCount" : 0,
    "errorPct" : 0.0,
    "meanResTime" : 496.71428571428567,
    "medianResTime" : 498.0,
    "minResTime" : 103.0,
    "maxResTime" : 893.0,
    "pct1ResTime" : 676.6,
    "pct2ResTime" : 755.9,
    "pct3ResTime" : 861.3799999999997,
    "throughput" : 4.511992400854904,
    "receivedKBytesPerSec" : 5.453669386301184,
    "sentKBytesPerSec" : 1.045107732299759
  },
  "Login-0" : {
    "transaction" : "Login-0",
    "sampleCount" : 133,
    "errorCount" : 0,
    "errorPct" : 0.0,
    "meanResTime" : 0.09022556390977447,
    "medianResTime" : 0.0,
    "minResTime" : 0.0,
    "maxResTime" : 2.0,
    "pct1ResTime" : 0.0,
    "pct2ResTime" : 1.0,
    "pct3ResTime" : 1.6599999999999966,
    "throughput" : 4.530127047923975,
    "receivedKBytesPerSec" : 1.5189124288974418,
    "sentKBytesPerSec" : 0.0
  },
  "GetUsers" : {
    "transaction" : "GetUsers",
    "sampleCount" : 133,
    "errorCount" : 133,
    "errorPct" : 100.0,
    "meanResTime" : 176.29323308270682,
    "medianResTime" : 142.0,
    "minResTime" : 3.0,
    "maxResTime" : 486.0,
    "pct1ResTime" : 405.0,
    "pct2ResTime" : 434.6,
    "pct3ResTime" : 482.59999999999997,
    "throughput" : 4.488239462761111,
    "receivedKBytesPerSec" : 2.8031064396112444,
    "sentKBytesPerSec" : 0.7889483430634765
  },
  "GetUsers-0" : {
    "transaction" : "GetUsers-0",
    "sampleCount" : 133,
    "errorCount" : 0,
    "errorPct" : 0.0,
    "meanResTime" : 0.052631578947368425,
    "medianResTime" : 0.0,
    "minResTime" : 0.0,
    "maxResTime" : 1.0,
    "pct1ResTime" : 0.0,
    "pct2ResTime" : 1.0,
    "pct3ResTime" : 1.0,
    "throughput" : 4.488996894829215,
    "receivedKBytesPerSec" : 1.5015950388990145,
    "sentKBytesPerSec" : 0.0
  }
}